A,K,slope,inflect,Qv
54.48730257,69.75850662,0.737818715,2004.853724,1