"","A","K","slope","inflect","Qv"
"1",54.4873025724534,69.7585066163946,0.737818715187403,2004.8537239275,1
